site_location,inspection_date,template_name,section,question,answer,notes,image_path,image_required,question_alias,run_time,account,template_folder_url,template_folder_name
GBC ABS-VONS 0724,05/02/2026,Yummi Sushi Opening Checklist,Title Page,Site conducted,GBC ABS-VONS 0724,,,,,,,,
GBC ABS-VONS 0724,05/02/2026,Yummi Sushi Opening Checklist,Title Page,Conducted on,6:00 AM,,,,,,,,
GBC ABS-VONS 0724,05/02/2026,Yummi Sushi Opening Checklist,Title Page,Prepared by,GBC ABS-VONS 0724 19640 Beach Blvd,,,,,,,,
GBC ABS-VONS 0724,05/02/2026,Yummi Sushi Opening Checklist,Navigation,NEXTPAGE,NEXTPAGE,,,,,,,,
GBC ABS-VONS 0724,05/02/2026,Yummi Sushi Opening Checklist,Housekeeping and Calibration,Did you have Production Today?,Yes,,,,,,,,
GBC ABS-VONS 0724,05/02/2026,Yummi Sushi Opening Checklist,Housekeeping,Sneeze Guard,Yes,,,,,,,,
GBC ABS-VONS 0724,05/02/2026,Yummi Sushi Opening Checklist,Housekeeping,Display Case,Yes,,,,,,,,
GBC ABS-VONS 0724,05/02/2026,Yummi Sushi Opening Checklist,Housekeeping,Rice Cooker,Yes,,,,,,,,
GBC ABS-VONS 0724,05/02/2026,Yummi Sushi Opening Checklist,Housekeeping,Mixers,Yes,,,,,,,,
GBC ABS-VONS 0724,05/02/2026,Yummi Sushi Opening Checklist,Housekeeping,Knives,Yes,,,,,,,,
GBC ABS-VONS 0724,05/02/2026,Yummi Sushi Opening Checklist,Housekeeping,Cutting Boards,Yes,,,,,,,,
GBC ABS-VONS 0724,05/02/2026,Yummi Sushi Opening Checklist,Housekeeping,Prep Table,Yes,,,,,,,,
GBC ABS-VONS 0724,05/02/2026,Yummi Sushi Opening Checklist,Housekeeping,Carts,Yes,,,,,,,,
GBC ABS-VONS 0724,05/02/2026,Yummi Sushi Opening Checklist,Housekeeping,Bamboo Mats,Yes,,,,,,,,
GBC ABS-VONS 0724,05/02/2026,Yummi Sushi Opening Checklist,Housekeeping,Prep Sink,Yes,,,,,,,,
GBC ABS-VONS 0724,05/02/2026,Yummi Sushi Opening Checklist,Housekeeping,Light Fixtures,Yes,,,,,,,,
GBC ABS-VONS 0724,05/02/2026,Yummi Sushi Opening Checklist,Housekeeping,BOHA Machine,Yes,,,,,,,,
GBC ABS-VONS 0724,05/02/2026,Yummi Sushi Opening Checklist,Housekeeping,Sushi Rolling Machine (If Applicable),N/A,,,,,,,,
GBC ABS-VONS 0724,05/02/2026,Yummi Sushi Opening Checklist,Calibration,Calibrate Thermometers and Validate Accuracy 32+/- 2F,Pass,,,,,,,,
GBC ABS-VONS 0724,05/02/2026,Yummi Sushi Opening Checklist,Calibration,"pH meter Calibration, Buffer = 7",7,,,,,,,,
GBC ABS-VONS 0724,05/02/2026,Yummi Sushi Opening Checklist,Calibration,"pH meter Calibration, Buffer = 4",4,,,,,,,,
GBC ABS-VONS 0724,05/02/2026,Yummi Sushi Opening Checklist,Navigation,NEXTPAGE,NEXTPAGE,,,,,,,,
GBC ABS-VONS 0724,05/02/2026,Yummi Sushi Opening Checklist,Temperatures,Check Temp of Reach-In Cooler,34.5,,,,,,,,
GBC ABS-VONS 0724,05/02/2026,Yummi Sushi Opening Checklist,Temperatures,Check Temp of Reach-In Freezer,2,,,,,,,,
GBC ABS-VONS 0724,05/02/2026,Yummi Sushi Opening Checklist,Temperatures,Check Temp of Display Case #1,34.5,,,,,,,,
GBC ABS-VONS 0724,05/02/2026,Yummi Sushi Opening Checklist,Temperatures,Check Temp of Display Case #2,34.5,,,,,,,,
GBC ABS-VONS 0724,05/02/2026,Yummi Sushi Opening Checklist,Temperatures,Check Temp of Walk-In Cooler,34.5,,,,,,,,
GBC ABS-VONS 0724,05/02/2026,Yummi Sushi Opening Checklist,Temperatures,Check Temp of Walk-In Freezer,2,,,,,,,,
GBC ABS-VONS 0724,05/02/2026,Yummi Sushi Opening Checklist,Temperatures,Check Temp of Sushi package,36.8,,,,,,,,
GBC ABS-VONS 0724,05/02/2026,Yummi Sushi Opening Checklist,Sanitizer,Select Your Store Region,ABS-Safeway CA,,,,,,,,
GBC ABS-VONS 0724,05/02/2026,Yummi Sushi Opening Checklist,Sanitizer,Do Not Touch Or Replace any chemicals. If there is an issue please contact your regional manager.,TRUE,,,,,,,,
GBC ABS-VONS 0724,05/02/2026,Yummi Sushi Opening Checklist,Sanitizer,Does your Chemicals look like the ones above?,Yes,,,,,,,,
GBC ABS-VONS 0724,05/02/2026,Yummi Sushi Opening Checklist,Sanitizer,Upload a picture of the Chemicals,,,chemical.jpeg,,,,,,
GBC ABS-VONS 0724,05/02/2026,Yummi Sushi Opening Checklist,Sanitizer,Sanitizer bucket within range?,Yes,,bucket.jpeg,,,,,,
GBC ABS-VONS 0724,05/02/2026,Yummi Sushi - Hot Food Cooling Log,Title Page,Site conducted,GBC ABS-VONS 0724,,,,,,,,
GBC ABS-VONS 0724,05/02/2026,Yummi Sushi - Hot Food Cooling Log,Title Page,Conducted on,7:00 AM,,,,,,,,
GBC ABS-VONS 0724,05/02/2026,Yummi Sushi - Hot Food Cooling Log,Title Page,Prepared by,GBC ABS-VONS 0724 19640 Beach Blvd,,,,,,,,
GBC ABS-VONS 0724,05/02/2026,Yummi Sushi - Hot Food Cooling Log,Navigation,NEXTPAGE,NEXTPAGE,,,,,,,,
GBC ABS-VONS 0724,05/02/2026,Yummi Sushi - Hot Food Cooling Log,Untitled Page,Did you Produce Hot Food Today?,No,,,,,,,,
GBC ABS-VONS 0724,05/02/2026,Yummi Sushi - Sushi Batch Cooling Log,Title Page,Site conducted,GBC ABS-VONS 0724,,,,,,,,
GBC ABS-VONS 0724,05/02/2026,Yummi Sushi - Sushi Batch Cooling Log,Title Page,Conducted on,7:00 AM,,,,,,,,
GBC ABS-VONS 0724,05/02/2026,Yummi Sushi - Sushi Batch Cooling Log,Title Page,Prepared by,GBC ABS-VONS 0724 19640 Beach Blvd,,,,,,,,
GBC ABS-VONS 0724,05/02/2026,Yummi Sushi - Sushi Batch Cooling Log,Navigation,NEXTPAGE,NEXTPAGE,,,,,,,,
GBC ABS-VONS 0724,05/02/2026,Yummi Sushi - Sushi Batch Cooling Log,Sushi Batch Cooling,Did you have production today?,Yes,,,,,,,,
GBC ABS-VONS 0724,05/02/2026,Yummi Sushi - Sushi Batch Cooling Log,Sushi Batch Cooling,How many packages in this batch?,29,,,,,,,,
GBC ABS-VONS 0724,05/02/2026,Yummi Sushi - Sushi Batch Cooling Log,Sushi Batch Cooling,What is the average temperature of the rolls?,36.8,,,,,,,,
GBC ABS-VONS 0724,05/02/2026,Yummi Sushi - Sushi Batch Cooling Log,Sushi Batch Cooling,Take a photo of Sushi Temperature,,,sushi temperature.jpeg,,,,,,
GBC ABS-VONS 0724,05/02/2026,Yummi Sushi - Sushi Batch Cooling Log,Sushi Batch Cooling,Record you initials:,vt,,,,,,,,
GBC ABS-VONS 0724,05/02/2026,Yummi Sushi - Sushi Rice pH Testing,Title Page,Site conducted,GBC ABS-VONS 0724,,,,,,,,
GBC ABS-VONS 0724,05/02/2026,Yummi Sushi - Sushi Rice pH Testing,Title Page,Conducted on,7:00 AM,,,,,,,,
GBC ABS-VONS 0724,05/02/2026,Yummi Sushi - Sushi Rice pH Testing,Title Page,Prepared by,GBC ABS-VONS 0724 19640 Beach Blvd,,,,,,,,
GBC ABS-VONS 0724,05/02/2026,Yummi Sushi - Sushi Rice pH Testing,Navigation,NEXTPAGE,NEXTPAGE,,,,,,,,
GBC ABS-VONS 0724,05/02/2026,Yummi Sushi - Sushi Rice pH Testing,pH Testing,Did you have production today?,Yes,,,,,,,,
GBC ABS-VONS 0724,05/02/2026,Yummi Sushi - Sushi Rice pH Testing,pH Testing,What type of rice is being tested?,White Rice,,,,,,,,
GBC ABS-VONS 0724,05/02/2026,Yummi Sushi - Sushi Rice pH Testing,pH Testing,What time is pH being tested,7:00 AM,,,,,,,,
GBC ABS-VONS 0724,05/02/2026,Yummi Sushi - Sushi Rice pH Testing,pH Testing,How many cups of rice used for Rice Slurry?,4,,,,,,,,
GBC ABS-VONS 0724,05/02/2026,Yummi Sushi - Sushi Rice pH Testing,pH Testing,How many cups of water used for Rice Slurry?,4,,,,,,,,
GBC ABS-VONS 0724,05/02/2026,Yummi Sushi - Sushi Rice pH Testing,pH Testing,What is the pH of the Rice Slurry?,3.92,,,,,,,,
GBC ABS-VONS 0724,05/02/2026,Yummi Sushi - Sushi Rice pH Testing,pH Testing,"Was the rice completely used, or was there left over rice that was discarded.",Discarded,,,,,,,,
GBC ABS-VONS 0724,05/02/2026,Yummi Sushi Closing Checklist,Title Page,Site conducted,GBC ABS-VONS 0724,,,,,,,,
GBC ABS-VONS 0724,05/02/2026,Yummi Sushi Closing Checklist,Title Page,Conducted on,5:00 PM,,,,,,,,
GBC ABS-VONS 0724,05/02/2026,Yummi Sushi Closing Checklist,Title Page,Prepared by,GBC ABS-VONS 0724 19640 Beach Blvd,,,,,,,,
GBC ABS-VONS 0724,05/02/2026,Yummi Sushi Closing Checklist,Navigation,NEXTPAGE,NEXTPAGE,,,,,,,,
GBC ABS-VONS 0724,05/02/2026,Yummi Sushi Closing Checklist,Closing Checklist,Did you have production today?,Yes,,,,,,,,
GBC ABS-VONS 0724,05/02/2026,Yummi Sushi Closing Checklist,Closing Checklist,Sneeze Guard,Yes,,,,,,,,
GBC ABS-VONS 0724,05/02/2026,Yummi Sushi Closing Checklist,Closing Checklist,Display Case,Yes,,,,,,,,
GBC ABS-VONS 0724,05/02/2026,Yummi Sushi Closing Checklist,Closing Checklist,Rice Cooker,Yes,,,,,,,,
GBC ABS-VONS 0724,05/02/2026,Yummi Sushi Closing Checklist,Closing Checklist,Mixers,Yes,,,,,,,,
GBC ABS-VONS 0724,05/02/2026,Yummi Sushi Closing Checklist,Closing Checklist,Knives,Yes,,,,,,,,
GBC ABS-VONS 0724,05/02/2026,Yummi Sushi Closing Checklist,Closing Checklist,Cutting Boards,Yes,,,,,,,,
GBC ABS-VONS 0724,05/02/2026,Yummi Sushi Closing Checklist,Closing Checklist,Prep Table,Yes,,,,,,,,
GBC ABS-VONS 0724,05/02/2026,Yummi Sushi Closing Checklist,Closing Checklist,Carts,Yes,,,,,,,,
GBC ABS-VONS 0724,05/02/2026,Yummi Sushi Closing Checklist,Closing Checklist,Bamboo Mats,Yes,,,,,,,,
GBC ABS-VONS 0724,05/02/2026,Yummi Sushi Closing Checklist,Closing Checklist,Prep Sink,Yes,,,,,,,,
GBC ABS-VONS 0724,05/02/2026,Yummi Sushi Closing Checklist,Closing Checklist,Light Fixtures,Yes,,,,,,,,
GBC ABS-VONS 0724,05/02/2026,Yummi Sushi Closing Checklist,Closing Checklist,BOHA Machine,Yes,,,,,,,,
GBC ABS-VONS 0724,05/02/2026,Yummi Sushi Closing Checklist,Closing Checklist,Sushi Rolling Machine (If Applicable),SKIP,,,,,,,,
GBC ABS-VONS 0724,05/02/2026,Yummi Sushi Closing Checklist,Closing Checklist,Sweep Floor,Yes,,,,,,,,
GBC ABS-VONS 0724,05/02/2026,Yummi Sushi Closing Checklist,Closing Checklist,Mop Floor,Yes,,,,,,,,
GBC ABS-VONS 0724,05/02/2026,Yummi Sushi Closing Checklist,Closing Checklist,Empty Trash,Yes,,,,,,,,
GBC ABS-VONS 0724,05/02/2026,Yummi Sushi Closing Checklist,Closing Checklist,Clean Display Case,Yes,,,,,,,,
GBC ABS-VONS 0724,05/02/2026,Yummi Sushi Closing Checklist,Closing Checklist,Clean Reach in Coolers,Yes,,,,,,,,
GBC ABS-VONS 0724,05/02/2026,Yummi Sushi 4 PM Checklist,Title Page,Site conducted,GBC ABS-VONS 0724,,,,,,,,
GBC ABS-VONS 0724,05/02/2026,Yummi Sushi 4 PM Checklist,Title Page,Conducted on,4:00 PM,,,,,,,,
GBC ABS-VONS 0724,05/02/2026,Yummi Sushi 4 PM Checklist,Title Page,Prepared by,GBC ABS-VONS 0724 19640 Beach Blvd,,,,,,,,
GBC ABS-VONS 0724,05/02/2026,Yummi Sushi 4 PM Checklist,Navigation,NEXTPAGE,NEXTPAGE,,,,,,,,
GBC ABS-VONS 0724,05/02/2026,Yummi Sushi 4 PM Checklist,Temperature,Did you have production today?,Yes,,,,,,,,
GBC ABS-VONS 0724,05/02/2026,Yummi Sushi 4 PM Checklist,Temperatures,Check Temp of Reach-In Cooler,34.5,,,,,,,,
GBC ABS-VONS 0724,05/02/2026,Yummi Sushi 4 PM Checklist,Temperatures,Check Temp of Reach-In Freezer,2,,,,,,,,
GBC ABS-VONS 0724,05/02/2026,Yummi Sushi 4 PM Checklist,Temperatures,Check Temp of Display Case #1,34.5,,,,,,,,
GBC ABS-VONS 0724,05/02/2026,Yummi Sushi 4 PM Checklist,Temperatures,Check Temp of Display Case #2,34.5,,,,,,,,
GBC ABS-VONS 0724,05/02/2026,Yummi Sushi 4 PM Checklist,Temperatures,Check Temp of Walk-In Cooler,34.5,,,,,,,,
GBC ABS-VONS 0724,05/02/2026,Yummi Sushi 4 PM Checklist,Temperatures,Check Temp of Walk-In Freezer,2,,,,,,,,
GBC ABS-VONS 0724,05/02/2026,Yummi Sushi 4 PM Checklist,Temperatures,Check Temp of Sushi package,36.8,,,,,,,,
GBC ABS-VONS 0724,05/02/2026,Yummi Sushi 4 PM Checklist,Sanitizer,Sanitizer bucket within range?,Yes,,bucket.jpeg,,,,,,
GBC ABS-VONS 0724,05/02/2026,Yummi Sushi - 9AM Case Photos,Title Page,Site conducted,GBC ABS-VONS 0724,,,,,,,,
GBC ABS-VONS 0724,05/02/2026,Yummi Sushi - 9AM Case Photos,Title Page,Conducted on,9:00 AM,,,,,,,,
GBC ABS-VONS 0724,05/02/2026,Yummi Sushi - 9AM Case Photos,Title Page,Prepared by,GBC ABS-VONS 0724 19640 Beach Blvd,,,,,,,,
GBC ABS-VONS 0724,05/02/2026,Yummi Sushi - 9AM Case Photos,Title Page,Location,Beach,,,,,,,,
GBC ABS-VONS 0724,05/02/2026,Yummi Sushi - 9AM Case Photos,Navigation,NEXTPAGE,NEXTPAGE,,,,,,,,
GBC ABS-VONS 0724,05/02/2026,Yummi Sushi - 9AM Case Photos,Case Photos,Display Case Photo,,,9am.jpeg,,,,,,
GBC ABS-VONS 0724,05/02/2026,Yummi Sushi - 5PM Case Photos,Title Page,Site conducted,GBC ABS-VONS 0724,,,,,,,,
GBC ABS-VONS 0724,05/02/2026,Yummi Sushi - 5PM Case Photos,Title Page,Conducted on,5:00 PM,,,,,,,,
GBC ABS-VONS 0724,05/02/2026,Yummi Sushi - 5PM Case Photos,Title Page,Prepared by,GBC ABS-VONS 0724 19640 Beach Blvd,,,,,,,,
GBC ABS-VONS 0724,05/02/2026,Yummi Sushi - 5PM Case Photos,Navigation,NEXTPAGE,NEXTPAGE,,,,,,,,
GBC ABS-VONS 0724,05/02/2026,Yummi Sushi - 5PM Case Photos,Case Photos,Display Case Photo,,,5pm.jpeg,,,,,,
GBC ABS-VONS 0724,05/02/2026,Yummi Sushi 1 PM Checklist,Title Page,Site conducted,GBC ABS-VONS 0724,,,,,,,,
GBC ABS-VONS 0724,05/02/2026,Yummi Sushi 1 PM Checklist,Title Page,Conducted on,1:00 PM,,,,,,,,
GBC ABS-VONS 0724,05/02/2026,Yummi Sushi 1 PM Checklist,Title Page,Prepared by,GBC ABS-VONS 0724 19640 Beach Blvd,,,,,,,,
GBC ABS-VONS 0724,05/02/2026,Yummi Sushi 1 PM Checklist,Navigation,NEXTPAGE,NEXTPAGE,,,,,,,,
GBC ABS-VONS 0724,05/02/2026,Yummi Sushi 1 PM Checklist,Temperature,Did you have production today?,Yes,,,,,,,,
GBC ABS-VONS 0724,05/02/2026,Yummi Sushi 1 PM Checklist,Temperatures,Check Temp of Reach-In Cooler,34.5,,,,,,,,
GBC ABS-VONS 0724,05/02/2026,Yummi Sushi 1 PM Checklist,Temperatures,Check Temp of Reach-In Freezer,2,,,,,,,,
GBC ABS-VONS 0724,05/02/2026,Yummi Sushi 1 PM Checklist,Temperatures,Check Temp of Display Case #1,34.5,,,,,,,,
GBC ABS-VONS 0724,05/02/2026,Yummi Sushi 1 PM Checklist,Temperatures,Check Temp of Display Case #2,34.5,,,,,,,,
GBC ABS-VONS 0724,05/02/2026,Yummi Sushi 1 PM Checklist,Temperatures,Check Temp of Walk-In Cooler,34.5,,,,,,,,
GBC ABS-VONS 0724,05/02/2026,Yummi Sushi 1 PM Checklist,Temperatures,Check Temp of Walk-In Freezer,2,,,,,,,,
GBC ABS-VONS 0724,05/02/2026,Yummi Sushi 1 PM Checklist,Temperatures,Check Temp of Sushi package,36.8,,,,,,,,
GBC ABS-VONS 0724,05/02/2026,Yummi Sushi 1 PM Checklist,Sanitizer,Sanitizer bucket within range?,Yes,,bucket.jpeg,,,,,,
GBC ABS-VONS 0724,05/02/2026,Yummi Sushi 10 AM Checklist,Title Page,Site conducted,GBC ABS-VONS 0724,,,,,,,,
GBC ABS-VONS 0724,05/02/2026,Yummi Sushi 10 AM Checklist,Title Page,Conducted on,10:00 AM,,,,,,,,
GBC ABS-VONS 0724,05/02/2026,Yummi Sushi 10 AM Checklist,Title Page,Prepared by,GBC ABS-VONS 0724 19640 Beach Blvd,,,,,,,,
GBC ABS-VONS 0724,05/02/2026,Yummi Sushi 10 AM Checklist,Navigation,NEXTPAGE,NEXTPAGE,,,,,,,,
GBC ABS-VONS 0724,05/02/2026,Yummi Sushi 10 AM Checklist,Temperature,Did you have Production Today?,Yes,,,,,,,,
GBC ABS-VONS 0724,05/02/2026,Yummi Sushi 10 AM Checklist,Temperatures,Check Temp of Reach-In Cooler,34.5,,,,,,,,
GBC ABS-VONS 0724,05/02/2026,Yummi Sushi 10 AM Checklist,Temperatures,Check Temp of Reach-In Freezer,2,,,,,,,,
GBC ABS-VONS 0724,05/02/2026,Yummi Sushi 10 AM Checklist,Temperatures,Check Temp of Display Case #1,34.5,,,,,,,,
GBC ABS-VONS 0724,05/02/2026,Yummi Sushi 10 AM Checklist,Temperatures,Check Temp of Display Case #2,34.5,,,,,,,,
GBC ABS-VONS 0724,05/02/2026,Yummi Sushi 10 AM Checklist,Temperatures,Check Temp of Walk-In Cooler,34.5,,,,,,,,
GBC ABS-VONS 0724,05/02/2026,Yummi Sushi 10 AM Checklist,Temperatures,Check Temp of Walk-In Freezer,2,,,,,,,,
GBC ABS-VONS 0724,05/02/2026,Yummi Sushi 10 AM Checklist,Temperatures,Check Temp of Sushi package,34.5,,,,,,,,
GBC ABS-VONS 0724,05/02/2026,Yummi Sushi 10 AM Checklist,Sanitizer,Sanitizer bucket within range?,Yes,,bucket.jpeg,,,,,,
GBC ABS-VONS 0724,05/02/2026,Yummi Sushi - 11AM Case Photos,Title Page,Site conducted,GBC ABS-VONS 0724,,,,,,,,
GBC ABS-VONS 0724,05/02/2026,Yummi Sushi - 11AM Case Photos,Title Page,Conducted on,11:00 AM,,,,,,,,
GBC ABS-VONS 0724,05/02/2026,Yummi Sushi - 11AM Case Photos,Title Page,Prepared by,GBC ABS-VONS 0724 19640 Beach Blvd,,,,,,,,
GBC ABS-VONS 0724,05/02/2026,Yummi Sushi - 11AM Case Photos,Navigation,NEXTPAGE,NEXTPAGE,,,,,,,,
GBC ABS-VONS 0724,05/02/2026,Yummi Sushi - 11AM Case Photos,Case Photos,Display Case Photo,,,11am.jpeg,,,,,,
VONS 02090 (Main),06/05/2026,ACE Daily Food Safety Log,Title Page,Select Your Store,VONS 02090 (Main),,,,SelectYourStore,17:00,ace_vons_02090,,
VONS 02090 (Main),06/05/2026,ACE Daily Food Safety Log,Title Page,Conducted on,5:00 PM,,,,ConductedOn,17:00,ace_vons_02090,,
VONS 02090 (Main),06/05/2026,ACE Daily Food Safety Log,Title Page,What Type of Operation Will Occur Today? (Select All That Apply),Sushi Preparation Only,,,,WhatTypeofOperationWillOccurToday?(SelectAllThatApply),17:00,ace_vons_02090,,
VONS 02090 (Main),06/05/2026,ACE Daily Food Safety Log,Opening Checklist,Were All Sanitation and Facility Conditions Above Met Requirements?,Yes,,,,WereAllSanitationandFacilityConditionsAboveMetRequirements?,17:00,ace_vons_02090,,
VONS 02090 (Main),06/05/2026,ACE Daily Food Safety Log,Opening Checklist,Thermometers Are Calibrated Using the Ice Water Method (32F +/- 2F),TRUE,,,,ThermometersAreCalibratedUsingtheIceWaterMethod(32?F?2?F),17:00,ace_vons_02090,,
VONS 02090 (Main),06/05/2026,ACE Daily Food Safety Log,Opening Checklist,pH Meters Are Calibrated Using Buffer Solutions at 7.0 and 4.0,TRUE,,,,pHMetersAreCalibratedUsingBufferSolutionsat7.0and4.0,17:00,ace_vons_02090,,
VONS 02090 (Main),06/05/2026,ACE Daily Food Safety Log,Navigation,NEXTPAGE,NEXTPAGE,,,,,17:00,ace_vons_02090,,
VONS 02090 (Main),06/05/2026,ACE Daily Food Safety Log,"2.1 Opening - Equipment, Temperature Verification & Sanitation Control",All sanitation control conditions verified,TRUE,,,,"Allsanitationcontrolconditionsverified:foodcontactsurfacescleanedandsanitized,handwashingstationsstocked,chemicalsproperlystored,andfacilityinsanitarycondition.",17:00,ace_vons_02090,,
VONS 02090 (Main),06/05/2026,ACE Daily Food Safety Log,"2.1 Opening - Equipment, Temperature Verification & Sanitation Control",Time of Temperature Measurement,6:00 AM,,,,TimeofTemperatureMeasurement,17:00,ace_vons_02090,,
VONS 02090 (Main),06/05/2026,ACE Daily Food Safety Log,"2.1 Opening - Equipment, Temperature Verification & Sanitation Control",Temperature of Product in Display Case,36.8,,,,TemperatureofProductinDisplayCase,17:00,ace_vons_02090,,
VONS 02090 (Main),06/05/2026,ACE Daily Food Safety Log,"2.1 Opening - Equipment, Temperature Verification & Sanitation Control",Temperature of Product in Prep Cooler,36.7,,,,TemperatureofProductinPrepCooler,17:00,ace_vons_02090,,
VONS 02090 (Main),06/05/2026,ACE Daily Food Safety Log,"2.2 Mid-Day Equipment, Temperature Verification & Sanitation Control",All sanitation control conditions verified,TRUE,,,,"Allsanitationcontrolconditionsverified:foodcontactsurfacescleanedandsanitized,handwashingstationsstocked,chemicalsproperlystored,andfacilityinsanitarycondition.",17:00,ace_vons_02090,,
VONS 02090 (Main),06/05/2026,ACE Daily Food Safety Log,"2.2 Mid-Day Equipment, Temperature Verification & Sanitation Control",Time of Temperature Measurement & Cleaning Verification,10:00 AM,,,,TimeofTemperatureMeasurement&CleaningVerification,17:00,ace_vons_02090,,
VONS 02090 (Main),06/05/2026,ACE Daily Food Safety Log,"2.2 Mid-Day Equipment, Temperature Verification & Sanitation Control",Temperature of Product in Display Case,36.9,,,,TemperatureofProductinDisplayCase,17:00,ace_vons_02090,,
VONS 02090 (Main),06/05/2026,ACE Daily Food Safety Log,"2.2 Mid-Day Equipment, Temperature Verification & Sanitation Control",Temperature of Product in Prep Cooler,35.6,,,,TemperatureofProductinPrepCooler,17:00,ace_vons_02090,,
VONS 02090 (Main),06/05/2026,ACE Daily Food Safety Log,"2.3 Closing Equipment, Temperature Verification & Sanitation Control",All sanitation control conditions verified,TRUE,,,,"Allsanitationcontrolconditionsverified:foodcontactsurfacescleanedandsanitized,handwashingstationsstocked,chemicalsproperlystored,andfacilityinsanitarycondition.",17:00,ace_vons_02090,,
VONS 02090 (Main),06/05/2026,ACE Daily Food Safety Log,"2.3 Closing Equipment, Temperature Verification & Sanitation Control",Time of Temperature Measurement,4:00 PM,,,,TimeofTemperatureMeasurement,17:00,ace_vons_02090,,
VONS 02090 (Main),06/05/2026,ACE Daily Food Safety Log,"2.3 Closing Equipment, Temperature Verification & Sanitation Control",Temperature of Product in Display Case,36.5,,,,TemperatureofProductinDisplayCase,17:00,ace_vons_02090,,
VONS 02090 (Main),06/05/2026,ACE Daily Food Safety Log,"2.3 Closing Equipment, Temperature Verification & Sanitation Control",Temperature of Product in Prep Cooler,36.4,,,,TemperatureofProductinPrepCooler,17:00,ace_vons_02090,,
VONS 02090 (Main),06/05/2026,ACE Daily Food Safety Log,Navigation,NEXTPAGE,NEXTPAGE,,,,,17:00,ace_vons_02090,,
VONS 02090 (Main),06/05/2026,ACE Daily Food Safety Log,Rice Processing Logs,"This only applies to Los Angeles County, San Diego County, or any area that requires white sushi rice to be held under TPHC with a 4-hour discard time",No,,,,"ThisonlyappliestoLosAngelesCounty,SanDiegoCounty,orAnyAreaThatRequiresWhiteSushiRicetoBeHeldUnderTPHCwitha4-HourDiscardTime",17:00,ace_vons_02090,,
VONS 02090 (Main),06/05/2026,ACE Daily Food Safety Log,White Rice - Batch WR1,Time Vinegar Added - WR1,7:00 AM,,,,TimeVinegarAdded?WR1,17:00,ace_vons_02090,,
VONS 02090 (Main),06/05/2026,ACE Daily Food Safety Log,White Rice - Batch WR1,pH Value of the Rice,3.92,,,,pHValueoftheRice,17:00,ace_vons_02090,,
VONS 02090 (Main),06/05/2026,ACE Daily Food Safety Log,White Rice - Batch WR1,Was a Second Batch of White Rice Prepared?,No,,,,WasaSecondBatchofWhiteRicePrepared?,17:00,ace_vons_02090,,
VONS 02090 (Main),06/05/2026,ACE Daily Food Safety Log,White Rice - Batch WR1,Will Brown Rice Be Prepared for Sale at This Location?,No,,,,WillBrownRiceBePreparedforSaleatThisLocation?,17:00,ace_vons_02090,,
VONS 02090 (Main),06/05/2026,ACE Daily Food Safety Log,Navigation,NEXTPAGE,NEXTPAGE,,,,,17:00,ace_vons_02090,,
VONS 02090 (Main),06/05/2026,ACE Daily Food Safety Log,4.1 Packaged Sushi - Cooling Batch #1,CCP-3: Did the Allergens in Each Package in This Batch Match the Corresponding ACE Standard Label?,Yes,,,,CCP?3:DidtheAllergensinEachPackageinThisBatchMatchtheCorrespondingACEStandardLabel?,17:00,ace_vons_02090,,
VONS 02090 (Main),06/05/2026,ACE Daily Food Safety Log,4.1 Packaged Sushi - Cooling Batch #1,CCP-4: Were All Products Cooled to 41F Within 2 Hours?,Yes,,,,CCP?4:WereAllProductsCooledto?41?FWithin2Hours?,17:00,ace_vons_02090,,
VONS 02090 (Main),06/05/2026,ACE Daily Food Safety Log,4.1 Packaged Sushi - Cooling Batch #1,Cooling Start Time - End Of Preparation For This Batch,8:00 AM,,,,CoolingStartTime?EndOfPreparationForThisBatch,17:00,ace_vons_02090,,
VONS 02090 (Main),06/05/2026,ACE Daily Food Safety Log,4.1 Packaged Sushi - Cooling Batch #1,Time Product Reached 41F,9:00 AM,,,,TimeProductReached?41?F,17:00,ace_vons_02090,,
VONS 02090 (Main),06/05/2026,ACE Daily Food Safety Log,4.2 Packaged Sushi - Cooling Batch #2,Did the Allergens in Each Package in This Batch Match the Corresponding ACE Standard Label?,Yes,,,,DidtheAllergensinEachPackageinThisBatchMatchtheCorrespondingACEStandardLabel?,17:00,ace_vons_02090,,
VONS 02090 (Main),06/05/2026,ACE Daily Food Safety Log,4.2 Packaged Sushi - Cooling Batch #2,CCP-4: Were All Products Cooled to 41F Within 2 Hours?,Yes,,,,CCP?4:WereAllProductsCooledto?41?FWithin2Hours?,17:00,ace_vons_02090,,
VONS 02090 (Main),06/05/2026,ACE Daily Food Safety Log,4.2 Packaged Sushi - Cooling Batch #2,Cooling Start Time - End Of Preparation For This Batch,9:00 AM,,,,CoolingStartTime?EndOfPreparationForThisBatch,17:00,ace_vons_02090,,
VONS 02090 (Main),06/05/2026,ACE Daily Food Safety Log,4.2 Packaged Sushi - Cooling Batch #2,Time Product Reached 41F,10:00 AM,,,,TimeProductReached?41?F,17:00,ace_vons_02090,,
VONS 02090 (Main),06/05/2026,ACE Daily Food Safety Log,Navigation,NEXTPAGE,NEXTPAGE,,,,,17:00,ace_vons_02090,,
VONS 02090 (Main),06/05/2026,ACE Daily Food Safety Log,Delivery & Temperature Control Log,"Does This Location Transport Or Distribute Finished, Packaged Food Products To Other Locations?",No,,,,"DoesThisLocationTransportOrDistributeFinished,PackagedFoodProductsToOtherLocations?",17:00,ace_vons_02090,,
VONS 02090 (Main),06/05/2026,ACE Daily Food Safety Log,Navigation,NEXTPAGE,NEXTPAGE,,,,,17:00,ace_vons_02090,,
VONS 02090 (Main),06/05/2026,ACE Daily Food Safety Log,Hot Food Time As A Public Health Control Log,Does This Store Prepare and Sell Any Foods Under TPHC?,No,,,,DoesThisStorePrepareandSellAnyFoodsUnderTPHC?,17:00,ace_vons_02090,,
VONS 02090 (Main),06/05/2026,ACE Daily Food Safety Log,Navigation,NEXTPAGE,NEXTPAGE,,,,,17:00,ace_vons_02090,,
VONS 02090 (Main),06/05/2026,ACE Daily Food Safety Log,PIC Completion & Verification,Verify Time Entries Are Accurate & Logical,TRUE,,,,"VerifyTimeEntriesAreAccurate&Logical(e.g.,AM/PMCorrect,StartTimeBeforeEndTime,pHRange3.50-4.10,etc.)",17:00,ace_vons_02090,,
VONS 02090 (Main),06/05/2026,ACE Daily Food Safety Log,PIC Completion & Verification,Verify That Items Were Disposed Of At Their Assigned Discard Times,TRUE,,,,VerifyThatItemsWereDisposedOfAtTheirAssignedDiscardTimes,17:00,ace_vons_02090,,
VONS 02090 (Main),06/05/2026,ACE Daily Food Safety Log,Review & Verification Acknowledgment,Name & Signature of Person in Charge Verifying the Log,Tam,,,,Name&SignatureofPersoninChargeVerifyingtheLog(Date/TimeAuto-Stamped),17:00,ace_vons_02090,,
